{"stat.crouchOneCm":67,"stat.useItem.minecraft.fence_gate":1,"stat.useItem.minecraft.stained_glass":18,"stat.useItem.minecraft.minecart":1,"achievement.openInventory":32,"stat.killEntity.Sheep":1,"stat.damageDealt":90,"achievement.exploreAllBiomes":{"value":0,"progress":["Plains"]},"stat.useItem.minecraft.fence":5,"stat.useItem.minecraft.item_frame":3,"stat.useItem.minecraft.leaves":65,"stat.useItem.minecraft.planks":264,"stat.useItem.minecraft.skull":4,"stat.flyOneCm":168290,"stat.useItem.minecraft.double_plant":12,"stat.useItem.minecraft.jungle_stairs":2,"stat.useItem.minecraft.golden_rail":24,"stat.useItem.minecraft.stone":15,"stat.useItem.minecraft.red_flower":7,"stat.climbOneCm":148,"stat.useItem.minecraft.torch":2,"stat.timeSinceDeath":82080,"stat.useItem.minecraft.barrier":9,"stat.leaveGame":4,"stat.diveOneCm":11614,"stat.useItem.minecraft.jungle_fence":2,"stat.useItem.minecraft.spruce_stairs":14,"stat.useItem.minecraft.gravel":5,"stat.playOneMinute":82080,"stat.useItem.minecraft.redstone_torch":15,"stat.useItem.minecraft.stone_slab":1,"stat.jump":201,"stat.useItem.minecraft.vine":22,"stat.useItem.minecraft.wooden_slab":10,"stat.swimOneCm":8566,"stat.mobKills":1,"stat.useItem.minecraft.spawn_egg":8,"stat.useItem.minecraft.bucket":3,"stat.walkOneCm":238022,"stat.minecartOneCm":46282,"stat.useItem.minecraft.sea_lantern":35,"stat.sprintOneCm":284,"stat.useItem.minecraft.dirt":6}