{"stat.crouchOneCm":22274,"stat.useItem.minecraft.chest":4,"stat.useItem.minecraft.stone_button":3,"achievement.exploreAllBiomes":{"value":0,"progress":["Plains"]},"stat.useItem.minecraft.log":5,"stat.useItem.minecraft.leaves":3,"stat.useItem.minecraft.quartz_block":2,"stat.useItem.minecraft.command_block":45,"stat.useItem.minecraft.stained_glass":71,"stat.useItem.minecraft.minecart":3,"achievement.openInventory":261,"stat.damageDealt":6480,"stat.useItem.minecraft.item_frame":7,"stat.useItem.minecraft.iron_block":3,"stat.useItem.minecraft.planks":32,"stat.fallOneCm":39247,"stat.flyOneCm":2084680,"stat.useItem.minecraft.skull":1,"stat.useItem.minecraft.golden_rail":1,"stat.useItem.minecraft.stone":145,"stat.useItem.minecraft.dye":2,"stat.damageTaken":5234,"stat.useItem.minecraft.milk_bucket":4,"stat.useItem.minecraft.diamond_sword":48,"stat.useItem.minecraft.monster_egg":4,"stat.entityKilledBy.Creeper":1,"stat.useItem.minecraft.stone_sword":19,"stat.climbOneCm":75764,"stat.drop":46,"stat.leaveGame":31,"stat.diveOneCm":26983,"stat.useItem.minecraft.bow":31,"stat.useItem.minecraft.cooked_beef":1,"stat.killEntity.Spider":2,"stat.killEntity.Slime":9,"stat.timeSinceDeath":53719,"stat.useItem.minecraft.barrier":122,"stat.useItem.minecraft.golden_apple":4,"stat.killEntity.Creeper":2,"stat.useItem.minecraft.crafting_table":1,"stat.playOneMinute":499794,"stat.useItem.minecraft.fireworks":16,"stat.useItem.minecraft.redstone_torch":6,"stat.useItem.minecraft.wool":8,"stat.entityKilledBy.Skeleton":1,"stat.deaths":25,"stat.useItem.minecraft.vine":2,"stat.swimOneCm":9956,"stat.mobKills":67,"stat.killEntity.Skeleton":33,"stat.walkOneCm":555237,"stat.killEntity.Zombie":19,"stat.useItem.minecraft.sign":8,"stat.minecartOneCm":134163,"stat.useItem.minecraft.carpet":33,"stat.jump":1536,"stat.useItem.minecraft.armor_stand":3,"stat.entityKilledBy.Zombie":6,"stat.useItem.minecraft.spawn_egg":46,"stat.useItem.minecraft.tallgrass":5,"stat.mineBlock.minecraft.tallgrass":1,"stat.useItem.minecraft.sea_lantern":11,"stat.sprintOneCm":222142,"stat.useItem.minecraft.dirt":15}