{"stat.useItem.minecraft.anvil":1,"stat.crouchOneCm":132294,"stat.useItem.minecraft.diamond_pickaxe":72,"stat.useItem.minecraft.chest":9,"stat.useItem.minecraft.iron_bars":41,"stat.useItem.minecraft.stone_button":4,"achievement.exploreAllBiomes":{"value":0,"progress":["Plains"]},"stat.useItem.minecraft.log":41,"stat.useItem.minecraft.leaves":22,"stat.useItem.minecraft.quartz_block":2,"stat.useItem.minecraft.command_block":98,"stat.useItem.minecraft.stained_glass":126,"stat.useItem.minecraft.minecart":3,"achievement.openInventory":724,"stat.damageDealt":40949,"stat.useItem.minecraft.item_frame":9,"stat.useItem.minecraft.iron_block":5,"stat.useItem.minecraft.planks":333,"stat.useItem.minecraft.cookie":2,"stat.fallOneCm":326296,"stat.mineBlock.minecraft.diamond_ore":152,"stat.flyOneCm":4064803,"stat.useItem.minecraft.skull":1,"stat.useItem.minecraft.stonebrick":30,"stat.useItem.minecraft.golden_rail":1,"stat.useItem.minecraft.stone":345,"stat.useItem.minecraft.dye":2,"stat.useItem.minecraft.red_flower":1,"stat.craftItem.minecraft.leather_boots":1,"stat.damageTaken":23262,"stat.useItem.minecraft.milk_bucket":20,"stat.useItem.minecraft.monster_egg":14,"stat.useItem.minecraft.diamond_sword":165,"stat.entityKilledBy.Creeper":11,"stat.useItem.minecraft.lapis_ore":1,"stat.useItem.minecraft.stone_sword":70,"stat.climbOneCm":182714,"stat.useItem.minecraft.redstone":3,"stat.useItem.minecraft.potion":482,"stat.drop":192,"stat.useItem.minecraft.repeater":1,"stat.leaveGame":79,"stat.diveOneCm":99263,"stat.useItem.minecraft.glowstone":18,"stat.useItem.minecraft.bow":809,"stat.useItem.minecraft.cooked_beef":1,"stat.useItem.minecraft.gold_block":1,"stat.useItem.minecraft.glass":8,"stat.useItem.minecraft.diamond_ore":69,"stat.killEntity.Spider":6,"stat.killEntity.Slime":9,"stat.useItem.minecraft.stone_slab":141,"stat.useItem.minecraft.barrier":147,"stat.timeSinceDeath":80631,"stat.useItem.minecraft.golden_apple":23,"stat.craftItem.minecraft.leather_chestplate":1,"stat.killEntity.Creeper":48,"stat.useItem.minecraft.crafting_table":2,"stat.useItem.minecraft.emerald_block":29,"stat.playOneMinute":1327064,"stat.useItem.minecraft.fireworks":16,"stat.useItem.minecraft.redstone_torch":6,"stat.useItem.minecraft.wool":11,"stat.entityKilledBy.Skeleton":6,"stat.deaths":67,"stat.useItem.minecraft.wooden_slab":14,"stat.useItem.minecraft.vine":25,"stat.craftItem.minecraft.leather_leggings":1,"stat.swimOneCm":39028,"stat.mobKills":522,"stat.killEntity.Skeleton":344,"stat.walkOneCm":2918473,"stat.playerKills":4,"stat.killEntity.Zombie":98,"stat.useItem.minecraft.sign":23,"stat.minecartOneCm":134163,"stat.useItem.minecraft.carpet":65,"stat.jump":4195,"stat.useItem.minecraft.armor_stand":5,"stat.entityKilledBy.Zombie":14,"stat.useItem.minecraft.spawn_egg":50,"stat.useItem.minecraft.tallgrass":5,"stat.mineBlock.minecraft.tallgrass":1,"stat.useItem.minecraft.iron_pickaxe":222,"stat.useItem.minecraft.iron_sword":52,"stat.useItem.minecraft.sea_lantern":30,"stat.sprintOneCm":1612677,"stat.useItem.minecraft.dirt":23}