{"stat.damageDealt":1185,"stat.crouchOneCm":699,"stat.useItem.minecraft.diamond_pickaxe":7,"achievement.exploreAllBiomes":{"value":0,"progress":["Plains"]},"achievement.openInventory":9,"stat.climbOneCm":5931,"stat.fallOneCm":7596,"stat.flyOneCm":31530,"stat.drop":3,"stat.damageTaken":1815,"stat.timeSinceDeath":9454,"stat.playOneMinute":66839,"stat.leaveGame":7,"stat.killEntity.Spider":2,"stat.useItem.minecraft.bow":7,"stat.deaths":7,"stat.jump":181,"stat.swimOneCm":2060,"stat.mobKills":6,"stat.killEntity.Skeleton":4,"stat.entityKilledBy.Zombie":1,"stat.walkOneCm":146077,"stat.useItem.minecraft.iron_sword":10,"stat.sprintOneCm":61014}