{"stat.damageDealt":7176,"stat.crouchOneCm":2056,"stat.useItem.minecraft.diamond_pickaxe":3,"achievement.exploreAllBiomes":{"value":0,"progress":["Plains"]},"achievement.openInventory":19,"stat.fallOneCm":34982,"stat.mineBlock.minecraft.diamond_ore":7,"stat.flyOneCm":206641,"stat.useItem.minecraft.stonebrick":1,"stat.useItem.minecraft.diamond_sword":21,"stat.entityKilledBy.Creeper":1,"stat.climbOneCm":17388,"stat.useItem.minecraft.potion":4,"stat.damageTaken":2719,"stat.timeSinceDeath":43397,"stat.useItem.minecraft.golden_apple":1,"stat.leaveGame":13,"stat.killEntity.Creeper":9,"stat.diveOneCm":2838,"stat.useItem.minecraft.bow":59,"stat.playOneMinute":89294,"stat.useItem.minecraft.rotten_flesh":2,"stat.killEntity.Spider":1,"stat.entityKilledBy.Skeleton":2,"stat.deaths":5,"stat.jump":1076,"stat.swimOneCm":4016,"stat.mobKills":74,"stat.killEntity.Skeleton":63,"stat.useItem.minecraft.spawn_egg":1,"stat.walkOneCm":418584,"stat.useItem.minecraft.iron_pickaxe":10,"stat.killEntity.Zombie":1,"stat.useItem.minecraft.iron_sword":64,"stat.sprintOneCm":199735}