{"stat.crouchOneCm":16806,"stat.useItem.minecraft.quartz_block":1,"stat.useItem.minecraft.command_block":39,"stat.useItem.minecraft.stained_glass":33,"stat.useItem.minecraft.minecart":3,"achievement.openInventory":144,"stat.damageDealt":6155,"achievement.exploreAllBiomes":{"value":0,"progress":["Plains"]},"stat.useItem.minecraft.log":2,"stat.useItem.minecraft.planks":26,"stat.fallOneCm":27078,"stat.flyOneCm":1543860,"stat.useItem.minecraft.skull":1,"stat.useItem.minecraft.golden_rail":1,"stat.useItem.minecraft.stone":141,"stat.useItem.minecraft.dye":2,"stat.damageTaken":4314,"stat.useItem.minecraft.diamond_sword":48,"stat.useItem.minecraft.monster_egg":4,"stat.entityKilledBy.Creeper":1,"stat.useItem.minecraft.stone_sword":19,"stat.climbOneCm":47061,"stat.drop":29,"stat.leaveGame":28,"stat.diveOneCm":26134,"stat.useItem.minecraft.cooked_beef":1,"stat.killEntity.Spider":2,"stat.killEntity.Slime":9,"stat.timeSinceDeath":22822,"stat.useItem.minecraft.barrier":102,"stat.useItem.minecraft.golden_apple":4,"stat.killEntity.Creeper":2,"stat.useItem.minecraft.crafting_table":1,"stat.playOneMinute":311142,"stat.useItem.minecraft.fireworks":16,"stat.useItem.minecraft.redstone_torch":6,"stat.useItem.minecraft.wool":8,"stat.deaths":22,"stat.useItem.minecraft.vine":1,"stat.swimOneCm":9312,"stat.mobKills":50,"stat.killEntity.Skeleton":16,"stat.walkOneCm":432436,"stat.killEntity.Zombie":19,"stat.useItem.minecraft.sign":2,"stat.minecartOneCm":134163,"stat.useItem.minecraft.carpet":32,"stat.jump":1093,"stat.useItem.minecraft.armor_stand":1,"stat.entityKilledBy.Zombie":6,"stat.useItem.minecraft.spawn_egg":45,"stat.useItem.minecraft.tallgrass":5,"stat.mineBlock.minecraft.tallgrass":1,"stat.useItem.minecraft.sea_lantern":11,"stat.sprintOneCm":174869,"stat.useItem.minecraft.dirt":15}