{"stat.crouchOneCm":782,"stat.useItem.minecraft.stained_glass_pane":25,"stat.useItem.minecraft.fence_gate":4,"stat.useItem.minecraft.stone_brick_stairs":112,"stat.useItem.minecraft.dark_oak_fence_gate":1,"achievement.exploreAllBiomes":{"value":0,"progress":["Plains"]},"stat.useItem.minecraft.log":117,"stat.useItem.minecraft.leaves":508,"stat.useItem.minecraft.redstone_block":6,"stat.useItem.minecraft.red_mushroom":2,"stat.useItem.minecraft.command_block":2,"stat.useItem.minecraft.stained_glass":220,"stat.useItem.minecraft.minecart":27,"achievement.openInventory":118,"stat.damageDealt":610,"stat.useItem.minecraft.fence":113,"stat.useItem.minecraft.hay_block":17,"stat.useItem.minecraft.planks":161,"stat.flyOneCm":1722250,"stat.useItem.minecraft.skull":4,"stat.useItem.minecraft.stonebrick":68,"stat.useItem.minecraft.writable_book":5,"stat.useItem.minecraft.golden_rail":444,"stat.useItem.minecraft.stone":1294,"stat.useItem.minecraft.red_flower":2,"stat.useItem.minecraft.torch":37,"stat.useItem.minecraft.rail":24,"stat.useItem.minecraft.ladder":76,"stat.useItem.minecraft.monster_egg":116,"stat.useItem.minecraft.double_plant":11,"stat.useItem.minecraft.lapis_ore":115,"stat.useItem.minecraft.ender_chest":1,"stat.useItem.minecraft.redstone_lamp":2,"stat.climbOneCm":13411,"stat.useItem.minecraft.redstone":3,"stat.drop":21,"stat.useItem.minecraft.nether_brick_fence":1,"stat.leaveGame":26,"stat.diveOneCm":19051,"stat.useItem.minecraft.spruce_stairs":64,"stat.useItem.minecraft.diamond_ore":37,"stat.killEntity.Spider":1,"stat.useItem.minecraft.stone_slab":173,"stat.timeSinceDeath":362402,"stat.useItem.minecraft.barrier":89,"stat.useItem.minecraft.waterlily":12,"stat.playOneMinute":391186,"stat.useItem.minecraft.redstone_torch":156,"stat.useItem.minecraft.wool":12,"stat.useItem.minecraft.written_book":3,"stat.deaths":1,"stat.useItem.minecraft.vine":369,"stat.useItem.minecraft.wooden_slab":421,"stat.swimOneCm":23242,"stat.mobKills":1,"stat.walkOneCm":1505050,"stat.useItem.minecraft.sign":7,"stat.minecartOneCm":182626,"stat.useItem.minecraft.dark_oak_fence":1,"stat.useItem.minecraft.bookshelf":4,"stat.useItem.minecraft.redstone_ore":87,"stat.useItem.minecraft.carpet":20,"stat.jump":971,"stat.useItem.minecraft.banner":41,"stat.useItem.minecraft.tallgrass":11,"stat.useItem.minecraft.sea_lantern":27,"stat.sprintOneCm":23519,"stat.useItem.minecraft.dirt":157,"stat.useItem.minecraft.cobblestone_wall":158}