{"stat.crouchOneCm":34013,"stat.useItem.minecraft.diamond_pickaxe":28,"stat.useItem.minecraft.chest":6,"stat.useItem.minecraft.stone_button":3,"achievement.exploreAllBiomes":{"value":0,"progress":["Plains"]},"stat.useItem.minecraft.log":5,"stat.useItem.minecraft.leaves":3,"stat.useItem.minecraft.quartz_block":2,"stat.useItem.minecraft.command_block":61,"stat.useItem.minecraft.stained_glass":71,"stat.useItem.minecraft.minecart":3,"achievement.openInventory":318,"stat.damageDealt":14240,"stat.useItem.minecraft.item_frame":7,"stat.useItem.minecraft.iron_block":3,"stat.useItem.minecraft.planks":55,"stat.fallOneCm":99273,"stat.flyOneCm":2486900,"stat.useItem.minecraft.skull":1,"stat.useItem.minecraft.golden_rail":1,"stat.useItem.minecraft.stone":146,"stat.useItem.minecraft.dye":2,"stat.damageTaken":10802,"stat.useItem.minecraft.milk_bucket":6,"stat.useItem.minecraft.diamond_sword":50,"stat.useItem.minecraft.monster_egg":4,"stat.entityKilledBy.Creeper":1,"stat.useItem.minecraft.stone_sword":38,"stat.climbOneCm":145163,"stat.useItem.minecraft.potion":56,"stat.drop":58,"stat.leaveGame":34,"stat.diveOneCm":41212,"stat.useItem.minecraft.bow":347,"stat.useItem.minecraft.cooked_beef":1,"stat.killEntity.Spider":5,"stat.killEntity.Slime":9,"stat.timeSinceDeath":138383,"stat.useItem.minecraft.barrier":128,"stat.useItem.minecraft.golden_apple":22,"stat.killEntity.Creeper":10,"stat.useItem.minecraft.crafting_table":1,"stat.playOneMinute":773808,"stat.useItem.minecraft.fireworks":16,"stat.useItem.minecraft.redstone_torch":6,"stat.useItem.minecraft.wool":11,"stat.entityKilledBy.Skeleton":2,"stat.deaths":38,"stat.useItem.minecraft.vine":11,"stat.swimOneCm":11864,"stat.mobKills":181,"stat.killEntity.Skeleton":97,"stat.walkOneCm":1366748,"stat.playerKills":4,"stat.killEntity.Zombie":57,"stat.useItem.minecraft.sign":8,"stat.minecartOneCm":134163,"stat.useItem.minecraft.carpet":33,"stat.jump":2486,"stat.useItem.minecraft.armor_stand":3,"stat.entityKilledBy.Zombie":9,"stat.useItem.minecraft.spawn_egg":47,"stat.useItem.minecraft.tallgrass":5,"stat.mineBlock.minecraft.tallgrass":1,"stat.useItem.minecraft.iron_sword":41,"stat.useItem.minecraft.sea_lantern":11,"stat.sprintOneCm":725586,"stat.useItem.minecraft.dirt":15}