{"stat.damageDealt":735,"stat.crouchOneCm":270,"achievement.exploreAllBiomes":{"value":0,"progress":["Plains"]},"achievement.openInventory":3,"stat.climbOneCm":4054,"stat.fallOneCm":5254,"stat.flyOneCm":22012,"stat.drop":3,"stat.damageTaken":1735,"stat.timeSinceDeath":842,"stat.playOneMinute":58227,"stat.leaveGame":5,"stat.killEntity.Spider":2,"stat.useItem.minecraft.bow":4,"stat.deaths":7,"stat.jump":124,"stat.mobKills":2,"stat.entityKilledBy.Zombie":1,"stat.walkOneCm":115406,"stat.useItem.minecraft.iron_sword":10,"stat.sprintOneCm":39027}